Class,Total_Images,Correct_Predictions,Accuracy
AKIEC,49,5,0.10204081632653061
BCC,77,16,0.2077922077922078
BKL,165,64,0.3878787878787879
DF,17,4,0.23529411764705882
MEL,167,50,0.2994011976047904
NV,1006,955,0.9493041749502982
VASC,22,11,0.5
