{
  "model_type": "EfficientNetB2",
  "balancing": "None (unbalanced)",
  "total_epochs": 30,
  "final_train_accuracy": 0.7489300966262817,
  "final_val_accuracy": 0.7232524752616882,
  "per_class_accuracy": {
    "AKIEC": 0.10204081632653061,
    "BCC": 0.2077922077922078,
    "BKL": 0.3878787878787879,
    "DF": 0.23529411764705882,
    "MEL": 0.2994011976047904,
    "NV": 0.9493041749502982,
    "VASC": 0.5
  },
  "class_totals": {
    "AKIEC": 49,
    "BCC": 77,
    "BKL": 165,
    "DF": 17,
    "MEL": 167,
    "NV": 1006,
    "VASC": 22
  },
  "class_correct": {
    "AKIEC": 5,
    "BCC": 16,
    "BKL": 64,
    "DF": 4,
    "MEL": 50,
    "NV": 955,
    "VASC": 11
  }
}