Class,Total_Images,Correct_Predictions,Accuracy,Class_Weight
AKIEC,49,16,0.32653061224489793,4.37305053025577
BCC,77,26,0.33766233766233766,2.7817460317460316
BKL,165,60,0.36363636363636365,1.3022478172023035
DF,17,12,0.7058823529411765,12.36331569664903
MEL,167,82,0.49101796407185627,1.285530900421786
NV,1006,718,0.7137176938369781,0.21338772031292808
VASC,22,19,0.8636363636363636,10.115440115440116
