{
  "model_type": "EfficientNetB2",
  "balancing": "Class Weights",
  "total_epochs": 30,
  "final_train_accuracy": 0.617154061794281,
  "final_val_accuracy": 0.6155492067337036,
  "class_weights": {
    "AKIEC": 4.37305053025577,
    "BCC": 2.7817460317460316,
    "BKL": 1.3022478172023035,
    "DF": 12.36331569664903,
    "MEL": 1.285530900421786,
    "NV": 0.21338772031292808,
    "VASC": 10.115440115440116
  },
  "per_class_accuracy": {
    "AKIEC": 0.32653061224489793,
    "BCC": 0.33766233766233766,
    "BKL": 0.36363636363636365,
    "DF": 0.7058823529411765,
    "MEL": 0.49101796407185627,
    "NV": 0.7137176938369781,
    "VASC": 0.8636363636363636
  },
  "class_totals": {
    "AKIEC": 49,
    "BCC": 77,
    "BKL": 165,
    "DF": 17,
    "MEL": 167,
    "NV": 1006,
    "VASC": 22
  },
  "class_correct": {
    "AKIEC": 16,
    "BCC": 26,
    "BKL": 60,
    "DF": 12,
    "MEL": 82,
    "NV": 718,
    "VASC": 19
  }
}