Variant,Accuracy,Macro_F1
1. Unbalanced + Unsegmented,0.7351962741184298,
2. Weighted + Unsegmented,0.6207584830339321,
3. SMOTE + Unsegmented,0.7764471057884231,0.5661288159858682
4. Balanced (CGAN) + Unsegmented,0.7225548902195609,0.3661889911400425
5. Unbalanced + Segmented,0.7005988023952096,0.36516633236509327
6. Weighted + Segmented,0.5728542914171657,0.36636917463955493
