{
  "sample_size": 500,
  "dimension_stats": {
    "width_median": 600.0,
    "height_median": 450.0,
    "unique_dimensions": 1
  },
  "color_stats": {
    "brightness_mean": 158.42399575925927,
    "brightness_std": 18.729565596163468,
    "red_mean": 197.6304267222222,
    "green_mean": 140.6950634814815,
    "blue_mean": 146.7924904074074
  },
  "artifact_analysis": {
    "potential_hair_percentage": 98.0
  }
}