{
  "sample_size": 500,
  "dimension_stats": {
    "width_median": 1024.0,
    "height_median": 768.0,
    "unique_dimensions": 22
  },
  "color_stats": {
    "brightness_mean": 146.3215711609521,
    "brightness_std": 29.131225040214876,
    "red_mean": 172.8028106090598,
    "green_mean": 135.1578685084421,
    "blue_mean": 134.29133760068945
  },
  "artifact_analysis": {
    "potential_hair_percentage": 88.0
  }
}