Model,Accuracy,Macro_F1
Unbalanced + Unsegmented,0.7351962741184298,0.36516633236509327
Weighted + Unsegmented,0.6207584830339321,
Unbalanced + Segmented,0.7005988023952096,0.36516633236509327
Weighted + Segmented,0.5728542914171657,0.36636917463955493
